,loss,loss,loss,mean_absolute_error,mean_absolute_error,mean_absolute_error
,Training,Validation,Test,Training,Validation,Test
Multi Step Dense,0.9549893736839294,0.6932545304298401,0.8205929398536682,0.8111587762832642,0.6400185227394104,0.7310371994972229
