,loss,loss,loss,mean_absolute_error,mean_absolute_error,mean_absolute_error
,Training,Validation,Test,Training,Validation,Test
FeedBack,0.41011953353881836,2.4495856761932373,3.5337564945220947,0.3767246901988983,0.9622808694839478,1.0449234247207642
