,mean_absolute_error,mean_absolute_error,mean_absolute_error,loss,loss,loss
,Training,Validation,Test,Training,Validation,Test
Persistence,1.0667023658752441,0.8629388213157654,0.8459042310714722,1.989761471748352,1.1337623596191406,1.1107027530670166
Linear,0.34134167432785034,1.2933032512664795,1.5840284824371338,0.20458082854747772,2.8135221004486084,3.2441892623901367
Dense,0.8103905320167542,0.66059809923172,0.7248334288597107,0.9632092118263245,0.785067617893219,0.7454618215560913
Multi Step Dense,0.7943140268325806,0.7063536047935486,0.7815852165222168,0.974854588508606,0.7372093200683594,0.8774349093437195
Convolutional,0.001934564090333879,1.1070828437805176,1.1617295742034912,7.806084795447532e-06,2.160231828689575,2.475410223007202
RNN,0.0014113570796325803,0.6297650933265686,0.8416955471038818,8.930872354540043e-06,0.605143666267395,1.2738460302352905
