,loss,loss,loss,mean_absolute_error,mean_absolute_error,mean_absolute_error
,Training,Validation,Test,Training,Validation,Test
Persistence,1.989761471748352,1.133762240409851,1.1107027530670166,1.0667023658752441,0.8629388213157654,0.8459041714668274
Linear,0.40101203322410583,2.962136745452881,4.813787937164307,0.48608678579330444,1.392531394958496,1.993955135345459
