,loss,loss,loss,mean_absolute_error,mean_absolute_error,mean_absolute_error
,Training,Validation,Test,Training,Validation,Test
RepeatBaseline,1.502617597579956,3.763878345489502,3.1058266162872314,0.5408514142036438,0.7285242676734924,0.671818196773529
MultiStepLastBasline,1.425508975982666,3.6353583335876465,3.0924949645996094,0.5097475647926331,0.7101001143455505,0.6670293211936951
Multi Convolution,0.48404762148857117,2.4791979789733887,3.7436912059783936,0.3882719576358795,0.862133264541626,1.0961397886276245
Multi Dense,0.44844961166381836,2.495007038116455,3.8148787021636963,0.36524561047554016,0.7933661937713623,0.9359490275382996
Mutli Linear,0.47476014494895935,2.8116557598114014,4.314132213592529,0.39814358949661255,1.0018479824066162,1.2738752365112305
Multi LSTM,0.683894157409668,2.3298027515411377,3.664304494857788,0.45238542556762695,0.7638024091720581,0.9296635389328003
