,loss,loss,loss,mean_absolute_error,mean_absolute_error,mean_absolute_error
,Training,Validation,Test,Training,Validation,Test
RepeatBaseline,1.4907840490341187,3.2762808799743652,2.8191468715667725,0.5815404653549194,0.7292725443840027,0.6894098520278931
MultiStepLastBasline,1.3999136686325073,3.1130223274230957,2.6882312297821045,0.5440413951873779,0.6884715557098389,0.6484160423278809
Multi Convolution,0.5115825533866882,2.5214123725891113,3.2320899963378906,0.41724544763565063,0.9569242596626282,1.0798205137252808
Multi Dense,0.468726247549057,2.964946746826172,3.9117610454559326,0.3930838704109192,1.023117184638977,1.1621745824813843
Mutli Linear,0.44170844554901123,2.7922110557556152,3.606081485748291,0.4018748104572296,1.0726274251937866,1.208910346031189
Multi LSTM,0.6891271471977234,2.395254611968994,3.5481579303741455,0.4795415699481964,0.8446441888809204,1.0007399320602417
