,mean_absolute_error,mean_absolute_error,mean_absolute_error,loss,loss,loss
,Training,Validation,Test,Training,Validation,Test
Baseline,0.47784101963043213,0.6182838678359985,0.6902061700820923,1.2929130792617798,3.1950652599334717,3.82686185836792
Dense,0.5622652173042297,0.9536226987838745,1.0716196298599243,0.8724163770675659,3.3742897510528564,4.838115692138672
RNN,0.5027703046798706,0.8822830319404602,1.0064259767532349,0.7312602400779724,2.841822624206543,4.105463981628418
ResidualRNN,0.5449503064155579,0.774215817451477,0.7833001613616943,1.2812364101409912,3.4725341796875,3.7395498752593994
