,loss,loss,loss,mean_absolute_error,mean_absolute_error,mean_absolute_error
,Training,Validation,Test,Training,Validation,Test
Baseline,1.3807041645050049,3.792375087738037,4.616562843322754,0.4660862386226654,0.6499638557434082,0.7469748854637146
Dense,0.8546549677848816,3.1682350635528564,5.036704063415527,0.5280269384384155,0.8062074184417725,0.9414770603179932
RNN,0.739565372467041,2.7301082611083984,4.449281215667725,0.482942134141922,0.7818290591239929,0.9555937051773071
ResidualRNN,1.2938958406448364,4.046050071716309,4.486056327819824,0.5179016590118408,0.8116863965988159,0.8462735414505005
