,loss,loss,loss,mean_absolute_error,mean_absolute_error,mean_absolute_error
,Training,Validation,Test,Training,Validation,Test
Baseline,1.3807040452957153,3.792374849319458,4.616563320159912,0.4660862386226654,0.6499638557434082,0.7469749450683594
Dense,0.8547632694244385,3.1792571544647217,5.03685998916626,0.5289447903633118,0.8095329999923706,0.9490653276443481
RNN,0.7398148775100708,2.754518747329712,4.590231418609619,0.4839187562465668,0.7877219915390015,1.000450611114502
ResidualRNN,1.2985517978668213,4.055744647979736,4.516471862792969,0.5209512710571289,0.810942530632019,0.8532711267471313
