,mean_absolute_error,mean_absolute_error,mean_absolute_error,loss,loss,loss
,Training,Validation,Test,Training,Validation,Test
Baseline,0.6674750447273254,0.7889149785041809,0.7505007982254028,1.7206364870071411,3.7743303775787354,3.9292943477630615
Dense,0.5629916191101074,0.9533306956291199,1.0714771747589111,0.8724026679992676,3.3654348850250244,4.838481426239014
RNN,0.2918531596660614,1.0366125106811523,1.18946373462677,0.22156529128551483,2.8120691776275635,4.048501968383789
ResidualRNN,0.495475172996521,1.1543241739273071,1.1245492696762085,0.6965464949607849,4.134186267852783,4.219936847686768
