,loss,loss,loss,mean_absolute_error,mean_absolute_error,mean_absolute_error
,Training,Validation,Test,Training,Validation,Test
Baseline,1.7160950899124146,3.772371292114258,3.9292943477630615,0.6661620736122131,0.8190349340438843,0.7505007982254028
Dense,0.8723478317260742,3.3652946949005127,4.812417030334473,0.563225269317627,0.9527167677879333,1.0712441205978394
RNN,0.2233320027589798,2.964078426361084,3.985225200653076,0.29343733191490173,1.073199987411499,1.1949540376663208
ResidualRNN,0.6983092427253723,3.972831964492798,4.352544784545898,0.4963351786136627,1.107208013534546,1.1645766496658325
