,loss,loss,loss,mean_absolute_error,mean_absolute_error,mean_absolute_error
,Training,Validation,Test,Training,Validation,Test
RepeatBaseline,1.4907840490341187,3.2762813568115234,2.8191468715667725,0.5815404653549194,0.7292725443840027,0.6894098520278931
MultiStepLastBasline,1.3999136686325073,3.1130218505859375,2.6882312297821045,0.5440413355827332,0.6884715557098389,0.6484160423278809
Multi Convolution,0.5050000548362732,2.423668384552002,3.1910808086395264,0.418020635843277,0.9401863217353821,1.1043293476104736
Multi Dense,0.46170395612716675,2.6012308597564697,3.656296968460083,0.39104390144348145,0.9350025653839111,1.1142284870147705
Mutli Linear,0.44199055433273315,2.7753467559814453,3.5989036560058594,0.4024336338043213,1.0672862529754639,1.207049012184143
Multi LSTM,0.6849476099014282,2.4949822425842285,3.400830030441284,0.47652560472488403,0.8484746813774109,0.988844096660614
