,mean_absolute_error,mean_absolute_error,mean_absolute_error,loss,loss,loss
,Training,Validation,Test,Training,Validation,Test
RepeatBaseline,0.5815405249595642,0.7292726039886475,0.6894098520278931,1.4907840490341187,3.2762808799743652,2.8191468715667725
MultiStepLastBasline,0.5440413355827332,0.6884716153144836,0.6484159827232361,1.3999134302139282,3.1130223274230957,2.6882312297821045
Multi Convolution,0.42004430294036865,0.918519914150238,1.1325665712356567,0.508303701877594,2.390305757522583,3.181053876876831
Multi Dense,0.3976798355579376,0.9393934607505798,1.0850059986114502,0.4696003794670105,2.7929909229278564,3.868621826171875
Mutli Linear,0.40158307552337646,1.070560336112976,1.2092710733413696,0.44168931245803833,2.7909557819366455,3.6159298419952393
Multi LSTM,0.47660595178604126,0.8450320959091187,0.9856579303741455,0.6855208873748779,2.4503424167633057,3.5607540607452393
