,mean_absolute_error,mean_absolute_error,mean_absolute_error,loss,loss,loss
,Training,Validation,Test,Training,Validation,Test
Baseline,0.47784096002578735,0.6182838678359985,0.6902062296867371,1.2929131984710693,3.1950650215148926,3.82686185836792
Dense,0.5640791058540344,0.9515469074249268,1.0702030658721924,0.8722419142723083,3.3568923473358154,4.819433212280273
RNN,0.504892885684967,0.8578411936759949,0.9997205138206482,0.7372334003448486,2.613858461380005,3.7699294090270996
ResidualRNN,0.5438443422317505,0.7677842974662781,0.7758791446685791,1.2748836278915405,3.4546096324920654,3.753274440765381
