,mean_absolute_error,mean_absolute_error,mean_absolute_error,loss,loss,loss
,Training,Validation,Test,Training,Validation,Test
RepeatBaseline,0.5408514142036438,0.7285241484642029,0.6718181371688843,1.502617359161377,3.763878345489502,3.1058268547058105
MultiStepLastBasline,0.5097475647926331,0.7101001143455505,0.6670293211936951,1.4255090951919556,3.6353583335876465,3.0924949645996094
Multi Convolution,0.38799774646759033,0.9158628582954407,1.1612513065338135,0.48315703868865967,2.6105782985687256,3.901318311691284
Multi Dense,0.36119982600212097,0.9298055171966553,1.0366551876068115,0.4364793002605438,2.6575472354888916,3.796867609024048
Mutli Linear,0.3980844020843506,1.0049388408660889,1.2750164270401,0.47476503252983093,2.823850154876709,4.3025994300842285
Multi LSTM,0.4556632339954376,0.7672791481018066,0.9353638887405396,0.6887269020080566,2.331765651702881,3.737248659133911
