,mean_absolute_error,mean_absolute_error,mean_absolute_error,loss,loss,loss
,Training,Validation,Test,Training,Validation,Test
Baseline,0.4660862684249878,0.6499638557434082,0.7469749450683594,1.3807041645050049,3.792374849319458,4.616563320159912
Dense,0.5337116122245789,0.8121399283409119,0.9542225003242493,0.8549849390983582,3.1622314453125,5.020244121551514
RNN,0.4864358603954315,0.7982327342033386,0.9983988404273987,0.7431488633155823,2.7857210636138916,4.521503925323486
ResidualRNN,0.521019458770752,0.8292686343193054,0.8834754228591919,1.299315094947815,4.072223663330078,4.538217544555664
