,loss,loss,loss,mean_absolute_error,mean_absolute_error,mean_absolute_error
,Training,Validation,Test,Training,Validation,Test
Baseline,1.2929131984710693,3.1950652599334717,3.82686185836792,0.47784093022346497,0.6182838678359985,0.6902062296867371
Dense,0.8723101019859314,3.3688602447509766,4.83177375793457,0.5657142400741577,0.9553924202919006,1.0769858360290527
RNN,0.7304977774620056,2.6984736919403076,4.005082130432129,0.5035308599472046,0.8630338311195374,1.0276960134506226
ResidualRNN,1.2748830318450928,3.4332265853881836,3.769792079925537,0.544291079044342,0.7527705430984497,0.7738365530967712
