,mean_absolute_error,mean_absolute_error,mean_absolute_error,loss,loss,loss
,Training,Validation,Test,Training,Validation,Test
Baseline,0.47784096002578735,0.6182838678359985,0.6902061700820923,1.2929130792617798,3.1950650215148926,3.82686185836792
Dense,0.5644360780715942,0.9513160586357117,1.0703495740890503,0.8719507455825806,3.3603460788726807,4.814060211181641
RNN,0.5032748579978943,0.8613200187683105,1.020646333694458,0.7333040833473206,2.761117696762085,4.219390869140625
ResidualRNN,0.5435284972190857,0.7664974331855774,0.8004493713378906,1.2820066213607788,3.433353900909424,3.7850780487060547
