,mean_absolute_error,mean_absolute_error,mean_absolute_error,loss,loss,loss
,Training,Validation,Test,Training,Validation,Test
Persistence,1.0667024850845337,0.8629388213157654,0.8459041714668274,1.9897615909576416,1.133762240409851,1.1107027530670166
Linear,0.5517712235450745,0.8750651478767395,3.153505563735962,0.47654592990875244,1.2558023929595947,10.94124984741211
Dense,0.8378596305847168,0.652290403842926,0.6750869154930115,0.975638747215271,0.6502220034599304,0.632876455783844
Multi Step Dense,0.8161770701408386,0.6688705086708069,0.6651559472084045,0.9759914875030518,0.698371946811676,0.6110680103302002
Convolutional,0.6393188834190369,0.6282739043235779,0.7400243282318115,0.6155356168746948,0.6356624364852905,0.6965296268463135
RNN,0.716458261013031,0.6329548358917236,0.8382006883621216,0.7421672344207764,0.6513571739196777,1.1502232551574707
