,loss,loss,loss,mean_absolute_error,mean_absolute_error,mean_absolute_error
,Training,Validation,Test,Training,Validation,Test
Persistence,1.989761471748352,1.133762240409851,1.1107027530670166,1.0667023658752441,0.8629388213157654,0.8459041714668274
Linear,0.23959891498088837,2.1880080699920654,3.9433274269104004,0.3727271258831024,1.1772257089614868,1.5220212936401367
Dense,0.9845362901687622,0.7722868919372559,0.8593202829360962,0.7985689640045166,0.6503005027770996,0.755237877368927
Multi Step Dense,0.9833194613456726,0.7220298051834106,0.8666010499000549,0.8200092911720276,0.6551355123519897,0.7566741704940796
Convolutional,0.40216144919395447,1.0478532314300537,1.4584466218948364,0.5189071297645569,0.8054750561714172,0.9733110070228577
RNN,0.5822781324386597,0.6114988923072815,0.6570549607276917,0.6333534717559814,0.6061393618583679,0.6670355796813965
