,mean_absolute_error,mean_absolute_error,mean_absolute_error,loss,loss,loss
,Training,Validation,Test,Training,Validation,Test
Persistence,1.0667024850845337,0.8629388213157654,0.8459042310714722,1.9897617101669312,1.133762240409851,1.1107027530670166
Linear,0.3995102643966675,1.2368817329406738,1.343752145767212,0.28629520535469055,2.5364015102386475,2.761087417602539
Dense,0.8316489458084106,0.6770375370979309,0.7111495733261108,0.948068380355835,0.6826661229133606,0.7455375790596008
Multi Step Dense,0.80771803855896,0.6988065242767334,0.764139711856842,0.9690277576446533,0.8397654891014099,0.841559886932373
Convolutional,0.5806639790534973,0.7244313359260559,0.8605347275733948,0.4953656792640686,0.8313888311386108,1.1195255517959595
RNN,0.6558418273925781,0.6736647486686707,0.8386946320533752,0.6194177865982056,0.7411389350891113,0.9894559979438782
