,loss,loss,loss,mean_absolute_error,mean_absolute_error,mean_absolute_error
,Training,Validation,Test,Training,Validation,Test
Persistence,1.989761233329773,1.133762240409851,1.110702633857727,1.0667024850845337,0.8629388213157654,0.8459041714668274
Linear,0.23615342378616333,3.017451763153076,4.95460844039917,0.3637422025203705,1.4502896070480347,1.832679033279419
Dense,0.16257233917713165,0.7786589860916138,1.594234585762024,0.3306908905506134,0.7025680541992188,1.098857045173645
Multi Step Dense,0.9739159345626831,0.9644393920898438,0.7817614674568176,0.8087071180343628,0.7438430786132812,0.7416096329689026
Convolutional,0.40765613317489624,0.8764488101005554,1.1020927429199219,0.5247957110404968,0.7185957431793213,0.8497203588485718
RNN,0.6035088300704956,0.7630727291107178,0.8133209943771362,0.6451794505119324,0.6598011255264282,0.7315876483917236
