,loss,loss,loss,mean_absolute_error,mean_absolute_error,mean_absolute_error
,Training,Validation,Test,Training,Validation,Test
Persistence,1.9897615909576416,1.133762240409851,1.1107027530670166,1.0667024850845337,0.8629388213157654,0.8459041714668274
Linear,0.9817712903022766,3.272744655609131,2.320234775543213,0.8178007006645203,1.4603625535964966,1.350087285041809
Dense,0.9552701115608215,0.8489529490470886,1.0173358917236328,0.7886759042739868,0.7199430465698242,0.8152924180030823
Multi Step Dense,0.9936076402664185,0.7812718152999878,0.7702915072441101,0.8045996427536011,0.6616541743278503,0.7153164148330688
Convolutional,0.42940646409988403,0.8023104071617126,1.4361637830734253,0.5454485416412354,0.6958491802215576,0.9696211218833923
RNN,0.6446319818496704,0.5916218757629395,0.820177435874939,0.6635227799415588,0.6119154095649719,0.7386968731880188
