,mean_absolute_error,mean_absolute_error,mean_absolute_error,loss,loss,loss
,Training,Validation,Test,Training,Validation,Test
Persistence,1.0667023658752441,0.8629388213157654,0.8459042310714722,1.9897615909576416,1.133762240409851,1.1107027530670166
Linear,0.37406423687934875,1.4169284105300903,1.970414161682129,0.24343004822731018,2.8785736560821533,6.8383355140686035
Dense,0.8130068182945251,0.6362051367759705,0.7165470719337463,0.9535797238349915,0.6609914302825928,0.7528945803642273
Multi Step Dense,0.8053513765335083,0.6968623995780945,0.7161816358566284,0.9944850206375122,0.8358635306358337,0.7905594706535339
Convolutional,4.4997523218626156e-05,1.1865530014038086,1.8633610010147095,1.6375444999994215e-08,2.4740850925445557,5.107874870300293
RNN,0.0013985417317599058,0.959480881690979,0.7305817604064941,9.786646842258051e-06,1.4202321767807007,0.8197745680809021
