,loss,loss,loss,mean_absolute_error,mean_absolute_error,mean_absolute_error
,Training,Validation,Test,Training,Validation,Test
Persistence,1.989761233329773,1.133762240409851,1.110702633857727,1.0667024850845337,0.8629388213157654,0.8459041714668274
Linear,0.3194396197795868,5.667296886444092,22.53656578063965,0.41838669776916504,1.8782079219818115,4.517258167266846
Dense,0.14684782922267914,0.8843172192573547,2.8696343898773193,0.30432021617889404,0.6981580257415771,1.3226817846298218
Multi Step Dense,0.9793201088905334,0.7391743659973145,0.9002559781074524,0.8468931317329407,0.6638922691345215,0.8192247152328491
Convolutional,0.4669067859649658,0.6659794449806213,0.7973927855491638,0.5736268162727356,0.6575393080711365,0.7714970111846924
RNN,0.6429294347763062,0.6116563677787781,1.037010669708252,0.6681436896324158,0.6154674291610718,0.8545110821723938
